epoch, loss, val loss
0,0.31767666304146386,0.2798983672820032
1,0.3074731982305533,0.2719197957962751
2,0.3042791886449117,0.26932856080681083
