epoch,loss,val_loss
0,0.31358879900383935,0.26629636050760747
1,0.3016945321377244,0.26201108042523263
2,0.299548790504243,0.2597388377934694
3,0.29792043995078565,0.2592350898720324
0
