epoch,loss
0,0.33892918374254294
0,0.40026901841163637,0.31037214761972426
1,0.3833122193813324,0.3035587854497135
