epoch,loss,val_loss
0,0.4957768029204706,0.47818863025307656
1,0.5177387255053844,0.486361500531435
2,0.5195155443555644,0.48497947564721106
